Alpha1,Alpha2,Alpha3,Mu1,Mu2,Mu3
13.0262614165963,14.7778382777519,9.44858096986862,-0.230716515196735,2.8543585334223,-3.82474268126671
