Alpha1,Alpha2,Alpha3,Mu1,Mu2,Mu3
134.846470541487,138.078006400085,158.137630083766,0.0795336655465307,-0.0750878132465663,0.00304132965213341
