Alpha1,Alpha2,Alpha3,Mu1,Mu2,Mu3
167.907315936762,132.245204275433,120.553540732828,0.000350585591656487,-0.0132259440304969,0.0216699069786356
