Alpha1,Alpha2,Alpha3,Mu1,Mu2,Mu3
1.47990907869998,0.464389744112927,53.3380295358891,9.18153254513057,-30.2586299277147,1.80552734389189e-06
