Alpha1,Alpha2,Alpha3,Mu1,Mu2,Mu3
18.5110026832739,38.3580458540476,22.7670386112037,-0.00341624209949364,0.00145309957904259,-0.00177721535908052
