Alpha1,Alpha2,Alpha3,Mu1,Mu2,Mu3
14.0933791885158,9.49342291388224,17.5357693729229,18.4182978534256,-14.4891042990055,-6.58275161517008
