Alpha1,Alpha2,Alpha3,Mu1,Mu2,Mu3
1.26409631907258,4.8585629283177,7.42400749057152,1634.37144971052,-934.472816154255,334.064706892303
